k_izd,n_izd,ISBN,n_book,author,genre,cena_zak,data_post,kol_post,kol_sklad,cena_prod,data_prod,kol_prod,k_seller,fio_seller,procent
1,Eksmo,978-5-01,The Master and Margarita,Mikhail Bulgakov,Classic,500,2024-10-01,50,10,625,2024-11-01,1,1,Ivanov I.I.,5
1,Eksmo,978-5-02,War and Peace,Leo Tolstoy,Classic,600,2024-10-01,30,5,750,2024-11-02,1,2,Petrov P.P.,7
2,AST,978-5-03,Clean Code,Robert Martin,IT,1200,2024-10-05,40,20,1500,2024-11-03,2,3,Sidorov S.S.,6
2,AST,978-5-04,1984,George Orwell,Dystopia,400,2024-10-05,60,15,500,2024-11-04,1,4,Kuznetsov A.A.,8
3,Piter,978-5-05,Algorithms,Robert Lafore,IT,1500,2024-10-10,20,8,1875,2024-11-05,1,1,Ivanov I.I.,5
3,Piter,978-5-06,SQL for Pros,Kevin Grabber,IT,1100,2024-10-10,25,12,1375,2024-11-06,1,2,Petrov P.P.,7
1,Eksmo,978-5-07,Crime and Punishment,Fyodor Dostoevsky,Classic,450,2024-10-01,40,8,562,2024-11-07,2,3,Sidorov S.S.,6
2,AST,978-5-08,The Witcher,Andrzej Sapkowski,Fantasy,750,2024-10-15,50,15,937,2024-11-08,1,4,Kuznetsov A.A.,8
1,Eksmo,978-5-09,Dune,Frank Herbert,Sci-Fi,800,2024-10-20,45,20,1000,2024-11-09,1,1,Ivanov I.I.,5
3,Piter,978-5-10,Java. Shildt,Herbert Shildt,IT,1800,2024-10-25,15,5,2250,2024-11-10,1,2,Petrov P.P.,7
