id,fio,phone
1,John Doe,555-0101
2,Jane Doe,555-0102
3,Jim Beam,555-0103
4,Jack Daniels,555-0104
5,Johnny Walker,555-0105
6,Bill Gates,555-0106
7,Steve Jobs,555-0107
8,Elon Musk,555-0108
9,Mark Zuckerberg,555-0109
10,Larry Page,555-0110
11,Sergey Brin,555-0111
12,Jeff Bezos,555-0112
13,Tim Cook,555-0113
14,Satya Nadella,555-0114
15,Sundar Pichai,555-0115
16,Reed Hastings,555-0116
17,Marc Benioff,555-0117
18,Jensen Huang,555-0118
19,Lisa Su,555-0119
20,Gabe Newell,555-0120
21,Peter Thiel,555-0121
22,Max Levchin,555-0122
23,Roelof Botha,555-0123
24,Keith Rabois,555-0124
25,David Sacks,555-0125
