id,fio,dr,pol
1,Alice Smith,1990-05-12,F
2,Bob Martin,1985-03-22,M
3,Charlie Davis,1995-11-30,M
4,Diana Lewis,2000-01-15,F
5,Edward Norton,1970-07-08,M
6,Fiona White,1988-12-01,F
7,George Ross,1992-04-14,M
8,Helen Brown,1982-09-25,F
9,Ian Gray,1998-02-11,M
10,Jane Kane,2001-06-19,F
11,Kyle Thomas,1975-10-05,M
12,Laura Moon,1993-08-27,F
13,Mike Page,1980-03-12,M
14,Nora Quinn,1996-05-05,F
15,Oliver X.,1984-11-11,M
16,Paula Z.,1991-01-01,F
17,Quinn J.,1978-02-28,M
18,Rose L.,2002-10-10,F
19,Steve V.,1987-07-07,M
20,Tina Fox,1999-09-09,F
