k_pac,k_doc,k_usl,data_priem,diag,lech
1,1,1,2024-01-10 09:00:00,Flu,Bed rest and vitamins
2,2,2,2024-01-10 10:00:00,Fracture,Cast and painkillers
3,3,3,2024-01-11 11:00:00,Myopia,New glasses
4,4,4,2024-01-11 12:00:00,Headache,MRI scheduled
5,5,5,2024-01-12 13:00:00,Cavity,Filling
6,6,6,2024-01-12 14:00:00,Arrhythmia,ECG monitoring
7,1,7,2024-01-13 09:30:00,Back pain,Massage therapy
8,2,8,2024-01-13 10:30:00,Infection,Antibiotics
9,3,9,2024-01-14 11:30:00,Stomach ache,Ultrasound
10,4,10,2024-01-14 12:30:00,Appendicitis,Surgery
11,5,11,2024-01-15 13:30:00,General,Routine check-up
12,6,1,2024-01-15 14:30:00,Cough,Syrup
13,1,2,2024-01-16 09:00:00,Anemia,Iron supplements
14,2,3,2024-01-16 10:00:00,Vision drop,Eye drops
15,3,4,2024-01-17 11:00:00,Dizziness,MRI check
16,4,5,2024-01-17 12:00:00,Allergy,Antihistamines
17,5,6,2024-01-18 13:00:00,Hypertension,Blood pressure pills
18,6,7,2024-01-18 14:00:00,Muscle strain,Rest
19,1,8,2024-01-19 09:30:00,Sore throat,Gargle
20,2,9,2024-01-19 10:30:00,Gastritis,Diet
1,3,10,2024-01-20 11:30:00,Cataract,Surgery
2,4,1,2024-01-20 12:30:00,Migraine,Sleep
3,5,2,2024-01-21 13:30:00,Diabetes,Insulin check
4,6,3,2024-01-21 14:30:00,Glaucoma,Eye pressure test
5,1,4,2024-01-22 09:00:00,Back injury,Physiotherapy
6,2,5,2024-01-22 10:00:00,Skin rash,Ointment
7,3,6,2024-01-23 11:00:00,Chest pain,ECG urgent
8,4,7,2024-01-23 12:00:00,Stress,Relaxation
9,5,8,2024-01-24 13:00:00,Cold,Hot tea
10,6,9,2024-01-24 14:00:00,Indigestion,Enzymes
11,1,10,2024-01-25 09:30:00,Hernia,Operation
12,2,11,2024-01-25 10:30:00,Check,Healthy
